id,name,model_id:id,group_id:id,perm_read,perm_write,perm_create,perm_unlink
access_contract_manager,contract.contract.manager,model_contract_contract,contract_ai.group_contract_manager,1,1,1,1
access_contract_user,contract.contract.user,model_contract_contract,contract_ai.group_contract_user,1,1,1,0
access_contract_all,contract.contract.all,model_contract_contract,base.group_user,1,1,1,1
access_counterparty_manager,contract.counterparty.manager,model_contract_counterparty,contract_ai.group_contract_manager,1,1,1,1
access_counterparty_user,contract.counterparty.user,model_contract_counterparty,contract_ai.group_contract_user,1,1,1,0
access_counterparty_all,contract.counterparty.all,model_contract_counterparty,base.group_user,1,1,1,1
access_signatory_manager,contract.signatory.manager,model_contract_signatory,contract_ai.group_contract_manager,1,1,1,1
access_signatory_user,contract.signatory.user,model_contract_signatory,contract_ai.group_contract_user,1,1,1,0
access_signatory_all,contract.signatory.all,model_contract_signatory,base.group_user,1,1,1,1
access_template_manager,contract.template.manager,model_contract_template,contract_ai.group_contract_manager,1,1,1,1
access_template_user,contract.template.user,model_contract_template,contract_ai.group_contract_user,1,1,1,0
access_template_all,contract.template.all,model_contract_template,base.group_user,1,1,1,1
access_clause_manager,contract.clause.manager,model_contract_clause,contract_ai.group_contract_manager,1,1,1,1
access_clause_user,contract.clause.user,model_contract_clause,contract_ai.group_contract_user,1,1,1,0
access_clause_all,contract.clause.all,model_contract_clause,base.group_user,1,1,1,1
access_element_manager,contract.element.manager,model_contract_element,contract_ai.group_contract_manager,1,1,1,1
access_element_user,contract.element.user,model_contract_element,contract_ai.group_contract_user,1,1,1,0
access_element_all,contract.element.all,model_contract_element,base.group_user,1,1,1,1
access_payment_plan_manager,contract.payment.plan.manager,model_contract_payment_plan,contract_ai.group_contract_manager,1,1,1,1
access_payment_plan_user,contract.payment.plan.user,model_contract_payment_plan,contract_ai.group_contract_user,1,1,1,0
access_payment_plan_all,contract.payment.plan.all,model_contract_payment_plan,base.group_user,1,1,1,1
access_contract_config_manager,contract.config.manager,model_contract_config,contract_ai.group_contract_manager,1,1,1,1
access_contract_config_user,contract.config.user,model_contract_config,contract_ai.group_contract_user,1,0,0,0
access_contract_config_all,contract.config.all,model_contract_config,base.group_user,1,1,1,1
access_upload_wizard_all,contract.upload.wizard.all,model_contract_upload_wizard,base.group_user,1,1,1,1
access_approval_log_manager,contract.approval.log.manager,model_contract_approval_log,contract_ai.group_contract_manager,1,1,1,1
access_approval_log_user,contract.approval.log.user,model_contract_approval_log,base.group_user,1,1,1,0
